date,seed_keyword,related_keyword,position
2026-03-02,감기,감기 빨리 낫는법,1
2026-03-02,감기,감기 병원,2
2026-03-02,감기,감기에 좋은 음식,3
2026-03-02,감기,감기 증상,4
2026-03-02,감기,감기,5
2026-03-02,감기,감기 수액,6
2026-03-02,감기,감기약,7
2026-03-02,감기,목감기,8
2026-03-02,감기,감기 영화,9
2026-03-02,감기,감기 내과,10
2026-03-02,두통,두통 원인,1
2026-03-02,두통,두통 없애는법,2
2026-03-02,두통,두통 부위,3
2026-03-02,두통,두통 속울렁거림,4
2026-03-02,두통,두통 병원,5
2026-03-02,두통,두통 심할때,6
2026-03-02,두통,두통약,7
2026-03-02,두통,두통,8
2026-03-02,두통,숙취 두통,9
2026-03-02,두통,군발두통,10
2026-03-02,발열,발열도시락,1
2026-03-02,발열,발열팩,2
2026-03-02,발열,발열조끼,3
2026-03-02,발열,발열,4
2026-03-02,발열,발열양말,5
2026-03-02,발열,발열내의,6
2026-03-02,발열,발열장갑,7
2026-03-02,발열,발열크림,8
2026-03-02,발열,s26 발열,9
2026-03-02,발열,아이폰 발열,10
2026-03-02,기침,기침 멈추는법,1
2026-03-02,기침,마른기침 원인,2
2026-03-02,기침,기침 계속,3
2026-03-02,기침,기침 가슴통증,4
2026-03-02,기침,기침에 좋은 차,5
2026-03-02,기침,기침 가래,6
2026-03-02,기침,기침약,7
2026-03-02,기침,기침 병원,8
2026-03-02,기침,기침,9
2026-03-02,기침,기침 뜻,10
2026-03-02,콧물,콧물 멈추는법,1
2026-03-02,콧물,콧물흡입기,2
2026-03-02,콧물,콧물감기약,3
2026-03-02,콧물,콧물 코막힘,4
2026-03-02,콧물,콧물,5
2026-03-02,콧물,노란콧물,6
2026-03-02,콧물,콧물 색,7
2026-03-02,콧물,콧물약,8
2026-03-02,콧물,콧물 냉,9
2026-03-02,콧물,누런콧물,10
2026-03-02,복통,복통 원인,1
2026-03-02,복통,복통,2
2026-03-02,복통,복통 위치,3
2026-03-02,복통,복통 설사,4
2026-03-02,복통,복통 영어로,5
2026-03-02,복통,복통약,6
2026-03-02,복통,복통 타이레놀,7
2026-03-02,복통,변비 복통,8
2026-03-02,복통,마운자로 복통,9
2026-03-02,복통,장염 복통,10
2026-03-02,소화불량,소화불량,1
2026-03-02,소화불량,소화불량 증상,2
2026-03-02,소화불량,소화불량 복부팽만,3
2026-03-02,소화불량,소화불량 해결,4
2026-03-02,소화불량,소화불량 약,5
2026-03-02,소화불량,소화불량 원인,6
2026-03-02,소화불량,소화불량 두통,7
2026-03-02,소화불량,소화불량 등통증,8
2026-03-02,소화불량,기능성 소화불량,9
2026-03-02,소화불량,생리 소화불량,10
2026-03-02,불면증,불면증,1
2026-03-02,불면증,불면증극복,2
2026-03-02,불면증,불면증극복하는법,3
2026-03-02,불면증,불면증치료,4
2026-03-02,불면증,불면증치료법,5
2026-03-02,불면증,휘성불면증,6
2026-03-02,불면증,우울증과불면증,7
2026-03-02,불면증,수험생불면증,8
2026-03-02,피로,피로회복제,1
2026-03-02,피로,피로회복 영양제,2
2026-03-02,피로,만성피로,3
2026-03-02,피로,피로연,4
2026-03-02,피로,피로골절,5
2026-03-02,피로,피로,6
2026-03-02,피로,약국 피로회복제,7
2026-03-02,피로,피뢰침,8
2026-03-02,피로,만성피로 영양제,9
2026-03-02,피로,피로연 뜻,10
2026-03-02,어지러움,어지러움 원인,1
2026-03-02,어지러움,어지러움 증상,2
2026-03-02,어지러움,어지러움 메스꺼움,3
2026-03-02,어지러움,갑자기 어지러움,4
2026-03-02,어지러움,머리 어지러움 증상,5
2026-03-02,어지러움,어지러움증,6
2026-03-02,어지러움,어지러움 병원,7
2026-03-02,어지러움,어지러움,8
2026-03-02,어지러움,누우면 어지러움,9
2026-03-02,어지러움,어지러움 약,10
2026-03-02,관절통,손가락 관절 통증,1
2026-03-02,관절통,관절통증,2
2026-03-02,관절통,관절통,3
2026-03-02,관절통,턱관절통 증상,4
2026-03-02,관절통,천장관절 통증,5
2026-03-02,관절통,어깨 관절 통증,6
2026-03-02,관절통,무릎관절통증,7
2026-03-02,관절통,생리 관절통,8
2026-03-02,관절통,턱 관절통,9
2026-03-02,관절통,엄지 관절 통증,10
2026-03-02,피부발진,피부발진,1
2026-03-02,피부발진,겨울 피부 발진,2
2026-03-02,피부발진,피부발진 가려움,3
2026-03-02,피부발진,얼굴 피부 발진,4
2026-03-02,피부발진,피부발진 원인,5
2026-03-02,피부발진,다리 피부 발진,6
2026-03-02,피부발진,아기 피부 발진,7
2026-03-02,피부발진,팔 피부 발진,8
2026-03-02,피부발진,목 피부 발진,9
2026-03-02,피부발진,마운자로 피부발진,10
2026-03-02,눈충혈,눈 충혈 원인,1
2026-03-02,눈충혈,눈 충혈,2
2026-03-02,눈충혈,눈 충혈 지속,3
2026-03-02,눈충혈,한쪽눈 충혈,4
2026-03-02,눈충혈,강아지 눈 충혈,5
2026-03-02,눈충혈,눈 충혈 치료,6
2026-03-02,눈충혈,눈충혈 안약,7
2026-03-02,눈충혈,감기 눈충혈,8
2026-03-02,눈충혈,눈 충혈 눈꼽,9
2026-03-02,눈충혈,눈 충혈 약,10
2026-03-02,목통증,침 삼킬때 목 통증,1
2026-03-02,목통증,목통증,2
2026-03-02,목통증,왼쪽 목 통증,3
2026-03-02,목통증,일자목통증,4
2026-03-02,목통증,오른쪽 목 통증,5
2026-03-02,목통증,어깨 목 통증,6
2026-03-02,목통증,옆목 통증,7
2026-03-02,목통증,코로나 목통증,8
2026-03-02,목통증,b형독감 목통증,9
2026-03-02,목통증,독감 목통증,10
2026-03-02,허리통증,허리통증,1
2026-03-02,허리통증,허리통증 병원,2
2026-03-02,허리통증,허리통증 다리저림,3
2026-03-02,허리통증,허리통증 약,4
2026-03-02,허리통증,오른쪽 허리 통증,5
2026-03-02,허리통증,허리통증 주사,6
2026-03-02,허리통증,왼쪽 허리 통증,7
2026-03-02,허리통증,임산부 허리통증,8
2026-03-02,허리통증,허리통증 운동,9
2026-03-02,허리통증,생리 허리통증,10
2026-03-02,구토,구토 원인,1
2026-03-02,구토,구토,2
2026-03-02,구토,구토 설사,3
2026-03-02,구토,구토 어지러움,4
2026-03-02,구토,위액 구토,5
2026-03-02,구토,구토증상,6
2026-03-02,구토,구토 약,7
2026-03-02,구토,구토 오한,8
2026-03-02,구토,급체 구토,9
2026-03-02,구토,마운자로 구토,10
2026-03-02,설사,설사 원인,1
2026-03-02,설사,설사 멈추는법,2
2026-03-02,설사,물설사 원인,3
2026-03-02,설사,설사에 좋은 음식,4
2026-03-02,설사,설사 배아픔,5
2026-03-02,설사,설사,6
2026-03-02,설사,설사약,7
2026-03-02,설사,설사 이유,8
2026-03-02,설사,물설사,9
2026-03-02,설사,설산,10
2026-03-02,변비,변비 직빵,1
2026-03-02,변비,변비 해결,2
2026-03-02,변비,변비에 좋은 음식,3
2026-03-02,변비,변비 원인,4
2026-03-02,변비,변비약,5
2026-03-02,변비,변비 증상,6
2026-03-02,변비,변비,7
2026-03-02,변비,변비 유산균,8
2026-03-02,변비,변비 마사지,9
2026-03-02,변비,변비 자세,10
2026-03-02,가슴통증,왼쪽 가슴 통증,1
2026-03-02,가슴통증,가운데 가슴 통증,2
2026-03-02,가슴통증,오른쪽 가슴 통증,3
2026-03-02,가슴통증,가슴통증,4
2026-03-02,가슴통증,생리전 가슴통증,5
2026-03-02,가슴통증,숨쉴때 가슴통증,6
2026-03-02,가슴통증,기침 가슴통증,7
2026-03-02,가슴통증,가슴통증 원인,8
2026-03-02,가슴통증,가슴통증 병원,9
2026-03-02,가슴통증,기침할때 가슴통증,10
2026-03-02,숨가쁨,숨가쁨,1
2026-03-02,숨가쁨,강아지 숨가쁨,2
2026-03-02,숨가쁨,신생아 숨가쁨,3
2026-03-02,숨가쁨,고양이 숨 가쁨,4
2026-03-02,숨가쁨,숨가쁨 뜻,5
2026-03-02,숨가쁨,숨가쁨 호흡곤란,6
2026-03-02,숨가쁨,숨가쁨 어지러움,7
2026-03-02,숨가쁨,숨 가쁨 병원,8
2026-03-02,숨가쁨,숨가쁨 치료,9
2026-03-02,숨가쁨,숨가쁨 기침,10
2026-03-02,부종,부종 뜻,1
2026-03-02,부종,부종 원인,2
2026-03-02,부종,부종 빼기,3
2026-03-02,부종,부종,4
2026-03-02,부종,다리 부종,5
2026-03-02,부종,결막부종,6
2026-03-02,부종,림프부종,7
2026-03-02,부종,혈관부종,8
2026-03-02,부종,뇌부종,9
2026-03-02,부종,부종산,10
2026-03-02,탈모,탈모,1
2026-03-02,탈모,M자탈모,2
2026-03-02,탈모,탈모예방,3
2026-03-02,탈모,탈모증,4
2026-03-02,탈모,원형탈모,5
2026-03-02,탈모,탈모치료,6
2026-03-02,탈모,정수리탈모,7
2026-03-02,탈모,탈모약,8
2026-03-02,손발저림,손발저림증상,1
2026-03-02,손발저림,손발저림,2
2026-03-02,손발저림,손발 저림 증상 원인,3
2026-03-02,손발저림,손발저림 영양제,4
2026-03-02,손발저림,당뇨 손발저림,5
2026-03-02,손발저림,손발저림 약,6
2026-03-02,손발저림,항암 손발저림,7
2026-03-02,손발저림,손발저림 병원,8
2026-03-02,손발저림,갱년기 손발저림,9
2026-03-02,손발저림,손발저림 치료법,10
2026-03-02,식욕부진,식욕부진 뜻,1
2026-03-02,식욕부진,식욕부진,2
2026-03-02,식욕부진,고양이 식욕부진,3
2026-03-02,식욕부진,식욕부진 원인,4
2026-03-02,식욕부진,식욕부진 암,5
2026-03-02,식욕부진,강아지 식욕부진,6
2026-03-02,식욕부진,식욕부진 약,7
2026-03-02,식욕부진,노인 식욕부진,8
2026-03-02,식욕부진,신경성 식욕부진,9
2026-03-02,식욕부진,식욕부진 체중감소,10
2026-03-02,체중감소,체중감소,1
2026-03-02,체중감소,급격한 체중감소,2
2026-03-02,체중감소,체중감소 원인,3
2026-03-02,체중감소,당뇨 체중감소,4
2026-03-02,체중감소,암 체중감소,5
2026-03-02,체중감소,갑자기 체중감소,6
2026-03-02,체중감소,위염 체중감소,7
2026-03-02,체중감소,고양이 체중감소,8
2026-03-02,체중감소,위암 체중감소,9
2026-03-02,체중감소,강아지 체중감소,10
2026-03-02,당뇨,당뇨 초기증상,1
2026-03-02,당뇨,당뇨에좋은음식,2
2026-03-02,당뇨,당뇨 정상수치,3
2026-03-02,당뇨,당뇨 증상,4
2026-03-02,당뇨,당뇨 식단,5
2026-03-02,당뇨,당뇨 원인,6
2026-03-02,당뇨,당뇨,7
2026-03-02,당뇨,당뇨병,8
2026-03-02,당뇨,당뇨약,9
2026-03-02,당뇨,당뇨 간식,10
2026-03-02,고혈압,고혈압 증상,1
2026-03-02,고혈압,고혈압 낮추는 방법,2
2026-03-02,고혈압,고혈압 수치,3
2026-03-02,고혈압,고혈압 원인,4
2026-03-02,고혈압,고혈압에 좋은 음식,5
2026-03-02,고혈압,고혈압,6
2026-03-02,고혈압,고혈압 식단,7
2026-03-02,고혈압,고혈압 기준,8
2026-03-02,고혈압,고혈압 영양제,9
2026-03-02,고혈압,고혈압약,10
2026-03-02,비만,비만도 계산기,1
2026-03-02,비만,비만치료제,2
2026-03-02,비만,비만 계산기,3
2026-03-02,비만,비만도,4
2026-03-02,비만,비만갤러리,5
2026-03-02,비만,비만,6
2026-03-02,비만,비만클리닉,7
2026-03-02,비만,초고도비만갤,8
2026-03-02,비만,하체비만,9
2026-03-02,비만,소아비만,10
2026-03-02,암,암웨이,1
2026-03-02,암,암웨이쇼핑몰,2
2026-03-02,암,암 초기증상,3
2026-03-02,암,아마존,4
2026-03-02,암,암 종류,5
2026-03-02,암,언더아머,6
2026-03-02,암,아모레퍼시픽,7
2026-03-02,암,아모텍,8
2026-03-02,암,암살,9
2026-03-02,암,아미,10
2026-03-02,우울증,우울증,1
2026-03-02,우울증,우울증초기증상,2
2026-03-02,우울증,우울증종류,3
2026-03-02,우울증,우울증테스트,4
2026-03-02,우울증,우울증과불면증,5
2026-03-02,우울증,중년우울증,6
2026-03-02,우울증,청소년우울증,7
2026-03-02,불안장애,불안장애 증상,1
2026-03-02,불안장애,불안장애,2
2026-03-02,불안장애,불안장애 테스트,3
2026-03-02,불안장애,불안장애 약,4
2026-03-02,불안장애,불안장애 극복,5
2026-03-02,불안장애,사회불안장애,6
2026-03-02,불안장애,불안장애 치료,7
2026-03-02,불안장애,불안장애 종류,8
2026-03-02,불안장애,불안장애 원인,9
2026-03-02,불안장애,사회불안장애 약,10
2026-03-02,아토피,아토피,1
2026-03-02,아토피,피부아토피,2
2026-03-02,아토피,아토피초기,3
2026-03-02,아토피,아토피란,4
2026-03-02,아토피,아토피원인,5
2026-03-02,아토피,아토피치료,6
2026-03-02,아토피,아기아토피,7
2026-03-02,아토피,아기등아토피,8
2026-03-02,비염,비염,1
2026-03-02,비염,비염치료,2
2026-03-02,비염,비염의원인,3
2026-03-02,비염,비염영어로,4
2026-03-02,비염,비염에좋은음식,5
2026-03-02,비염,알레르기비염,6
2026-03-02,비염,혈관성비염,7
2026-03-02,비염,코비염,8
2026-03-02,역류성식도염,역류성식도염 증상,1
2026-03-02,역류성식도염,역류성식도염 좋은음식,2
2026-03-02,역류성식도염,역류성 식도염 약,3
2026-03-02,역류성식도염,역류성식도염 음식,4
2026-03-02,역류성식도염,역류성식도염 치료,5
2026-03-02,역류성식도염,역류성식도염 약국약,6
2026-03-02,역류성식도염,역류성식도염,7
2026-03-02,역류성식도염,역류성식도염 기침,8
2026-03-02,역류성식도염,역류성식도염 베개,9
2026-03-02,역류성식도염,역류성식도염 차,10
2026-03-02,갑상선,갑상선기능저하증,1
2026-03-02,갑상선,갑상선기능항진증,2
2026-03-02,갑상선,갑상선 증상,3
2026-03-02,갑상선,갑상선암 증상,4
2026-03-02,갑상선,갑상선암,5
2026-03-02,갑상선,갑상선 혹,6
2026-03-02,갑상선,갑상선,7
2026-03-02,갑상선,갑상선 결절,8
2026-03-02,갑상선,갑상선 위치,9
2026-03-02,갑상선,갑상선 검사,10
2026-03-02,골다공증,골다공증에 좋은 음식,1
2026-03-02,골다공증,골다공증 영양제,2
2026-03-02,골다공증,골다공증 수치,3
2026-03-02,골다공증,골다공증,4
2026-03-02,골다공증,골다공증 주사,5
2026-03-02,골다공증,골다공증 증상,6
2026-03-02,골다공증,골다공증 검사,7
2026-03-02,골다공증,골다공증 음식,8
2026-03-02,골다공증,골다공증 치료,9
2026-03-02,골다공증,골다공증약,10
2026-03-02,지방간,지방간 증상,1
2026-03-02,지방간,지방간 치료,2
2026-03-02,지방간,지방간에 좋은음식,3
2026-03-02,지방간,지방간,4
2026-03-02,지방간,지방간 원인,5
2026-03-02,지방간,지방간 영양제,6
2026-03-02,지방간,지방간 식단,7
2026-03-02,지방간,지방간 운동,8
2026-03-02,지방간,지방간 간수치,9
2026-03-02,지방간,지방간 약,10
2026-03-02,빈혈,빈혈 증상,1
2026-03-02,빈혈,빈혈에 좋은 음식,2
2026-03-02,빈혈,빈혈 영양제,3
2026-03-02,빈혈,빈혈 원인,4
2026-03-02,빈혈,빈혈수치,5
2026-03-02,빈혈,빈혈,6
2026-03-02,빈혈,빈혈 치료,7
2026-03-02,빈혈,빈혈 음식,8
2026-03-02,빈혈,빈혈 두통,9
2026-03-02,빈혈,빈혈검사,10
2026-03-02,수면무호흡,수면무호흡증,1
2026-03-02,수면무호흡,수면무호흡증 치료,2
2026-03-02,수면무호흡,수면무호흡증 증상,3
2026-03-02,수면무호흡,수면 무호흡,4
2026-03-02,수면무호흡,수면무호흡 양압기,5
2026-03-02,수면무호흡,수면무호흡 검사,6
2026-03-02,수면무호흡,수면무호흡증양압기,7
2026-03-02,수면무호흡,수면무호흡 수술,8
2026-03-02,수면무호흡,수면무호흡증 원인,9
2026-03-02,수면무호흡,수면무호흡 사망,10
2026-03-02,공황장애,공황장애,1
2026-03-02,공황장애,스트레스성공황장애,2
2026-03-02,공황장애,공황장애치료,3
2026-03-02,공황장애,공황장애영어,4
2026-03-02,공황장애,공황장애극복방법,5
2026-03-02,공황장애,공황장애자가진단,6
2026-03-02,공황장애,소아공황장애,7
2026-03-02,공황장애,어린이공황장애,8
2026-03-02,대장암,대장암 초기증상,1
2026-03-02,대장암,대장암 증상,2
2026-03-02,대장암,대장암,3
2026-03-02,대장암,대장암에 좋은 음식,4
2026-03-02,대장암,대장암 3기 생존율,5
2026-03-02,대장암,대장암 생존율,6
2026-03-02,대장암,대장암 검사,7
2026-03-02,대장암,대장암 원인,8
2026-03-02,대장암,대장암 수술,9
2026-03-02,대장암,대장암4기,10
2026-03-02,위암,위암초기증상,1
2026-03-02,위암,위암 증상,2
2026-03-02,위암,위암에 좋은 음식,3
2026-03-02,위암,위암 초기,4
2026-03-02,위암,위암4기,5
2026-03-02,위암,위암 1기,6
2026-03-02,위암,위암 원인,7
2026-03-02,위암,위암 2기,8
2026-03-02,위암,위암수술,9
2026-03-02,위암,위암 3기,10
2026-03-02,폐암,폐암 초기증상,1
2026-03-02,폐암,폐암 4기 생존율,2
2026-03-02,폐암,폐암 증상,3
2026-03-02,폐암,폐암 생존율,4
2026-03-02,폐암,폐암에 좋은 음식,5
2026-03-02,폐암,폐암,6
2026-03-02,폐암,폐암 1기,7
2026-03-02,폐암,폐암 명의,8
2026-03-02,폐암,폐암 4기,9
2026-03-02,폐암,폐암 검사,10
2026-03-02,유방암,유방암,1
2026-03-02,유방암,유방암생존율,2
2026-03-02,유방암,유방암의증상,3
2026-03-02,유방암,유방암4기,4
2026-03-02,유방암,유방암발생원인,5
2026-03-02,유방암,여성유방암,6
2026-03-02,유방암,초기유방암,7
2026-03-02,유방암,홍여진유방암,8
2026-03-02,전립선암,전립선암 증상,1
2026-03-02,전립선암,전립선암 생존율,2
2026-03-02,전립선암,전립선암,3
2026-03-02,전립선암,전립선암 음식,4
2026-03-02,전립선암,전립선암 검사,5
2026-03-02,전립선암,전립선암 수술,6
2026-03-02,전립선암,전립선암 원인,7
2026-03-02,전립선암,전립선암 4기,8
2026-03-02,전립선암,전립선암 3기,9
2026-03-02,전립선암,전립선암 치료,10
2026-03-02,치매,치매 초기증상,1
2026-03-02,치매,치매 치료제,2
2026-03-02,치매,치매 예방,3
2026-03-02,치매,치매,4
2026-03-02,치매,치매검사,5
2026-03-02,치매,치매 전조증상,6
2026-03-02,치매,치매안심센터,7
2026-03-02,치매,치매 유전,8
2026-03-02,치매,치매 치료,9
2026-03-02,치매,치매 원인,10
2026-03-02,파킨슨,파킨슨병,1
2026-03-02,파킨슨,파킨슨병초기증상,2
2026-03-02,파킨슨,파킨슨병 증상,3
2026-03-02,파킨슨,파킨슨,4
2026-03-02,파킨슨,파킨슨병 원인,5
2026-03-02,파킨슨,파킨슨병 치료,6
2026-03-02,파킨슨,파킨슨 치료제,7
2026-03-02,파킨슨,파킨슨 증상,8
2026-03-02,파킨슨,파킨슨 신약,9
2026-03-02,파킨슨,파킨슨 유전,10
2026-03-02,뇌졸중,뇌졸중 전조증상,1
2026-03-02,뇌졸중,뇌졸중,2
2026-03-02,뇌졸중,뇌졸중 초기증상,3
2026-03-02,뇌졸중,뇌졸중 뜻,4
2026-03-02,뇌졸중,뇌졸중 증상,5
2026-03-02,뇌졸중,뇌졸중 치료,6
2026-03-02,뇌졸중,뇌졸중 검사,7
2026-03-02,뇌졸중,뇌졸중 원인,8
2026-03-02,뇌졸중,허혈성 뇌졸중,9
2026-03-02,뇌졸중,대한뇌졸중학회,10
2026-03-02,심근경색,심근경색 전조증상,1
2026-03-02,심근경색,심근경색,2
2026-03-02,심근경색,심근경색 증상,3
2026-03-02,심근경색,심근경색 검사,4
2026-03-02,심근경색,심근경색 원인,5
2026-03-02,심근경색,심근경색 치료,6
2026-03-02,심근경색,급성심근경색,7
2026-03-02,심근경색,심근경색 음식,8
2026-03-02,심근경색,김수용 심근경색,9
2026-03-02,심근경색,심근경색 귀,10
2026-03-02,협심증,협심증,1
2026-03-02,협심증,협심증 전조증상,2
2026-03-02,협심증,협심증 증상,3
2026-03-02,협심증,협심증 치료,4
2026-03-02,협심증,협심증 검사,5
2026-03-02,협심증,협심증 약,6
2026-03-02,협심증,협심증 음식,7
2026-03-02,협심증,변이형 협심증,8
2026-03-02,협심증,협심증 원인,9
2026-03-02,협심증,심장협심증,10
2026-03-02,고지혈증,고지혈증,1
2026-03-02,고지혈증,고지혈증 좋은음식,2
2026-03-02,고지혈증,고지혈증 증상,3
2026-03-02,고지혈증,고지혈증 약,4
2026-03-02,고지혈증,고지혈증 원인,5
2026-03-02,고지혈증,고지혈증 수치,6
2026-03-02,고지혈증,고지혈증 나쁜음식,7
2026-03-02,고지혈증,고지혈증 영양제,8
2026-03-02,고지혈증,고지혈증 뜻,9
2026-03-02,고지혈증,고지혈증 식단,10
2026-03-02,통풍,통풍 증상,1
2026-03-02,통풍,통풍,2
2026-03-02,통풍,통풍에 좋은 음식,3
2026-03-02,통풍,통풍 원인,4
2026-03-02,통풍,통풍 초기증상,5
2026-03-02,통풍,통풍 치료,6
2026-03-02,통풍,통풍 음식,7
2026-03-02,통풍,통풍 병원,8
2026-03-02,통풍,통풍약,9
2026-03-02,통풍,통풍 뜻,10
2026-03-02,류마티스,류마티스 관절염,1
2026-03-02,류마티스,류마티스내과,2
2026-03-02,류마티스,류마티스 증상,3
2026-03-02,류마티스,류마티스 관절염 증상,4
2026-03-02,류마티스,류마티스 뜻,5
2026-03-02,류마티스,류마티스,6
2026-03-02,류마티스,류마티스 병원,7
2026-03-02,류마티스,류마티스 관절염 치료,8
2026-03-02,류마티스,류마티스열,9
2026-03-02,류마티스,류마티스 검사,10
2026-03-02,크론병,크론병,1
2026-03-02,크론병,크론병 증상,2
2026-03-02,크론병,크론병 완치,3
2026-03-02,크론병,크론병 뜻,4
2026-03-02,크론병,크론병 원인,5
2026-03-02,크론병,크론병 군대,6
2026-03-02,크론병,크론병 음식,7
2026-03-02,크론병,윤종신 크론병,8
2026-03-02,크론병,크론병 치료,9
2026-03-02,크론병,크론병 유전,10
2026-03-02,과민성대장증후군,과민성대장증후군 증상,1
2026-03-02,과민성대장증후군,과민성대장증후군 유산균,2
2026-03-02,과민성대장증후군,과민성대장증후군 약,3
2026-03-02,과민성대장증후군,과민성대장증후군,4
2026-03-02,과민성대장증후군,과민성대장증후군 설사,5
2026-03-02,과민성대장증후군,과민성대장증후군 음식,6
2026-03-02,과민성대장증후군,과민성대장증후군 병원,7
2026-03-02,과민성대장증후군,과민성대장증후군 가스형,8
2026-03-02,과민성대장증후군,과민성대장증후군 치료,9
2026-03-02,과민성대장증후군,과민성대장증후군 약국약,10
2026-03-02,다이어트,다이어트,1
2026-03-02,다이어트,댄스다이어트,2
2026-03-02,다이어트,다이어트음식,3
2026-03-02,다이어트,다이어트운동,4
2026-03-02,다이어트,다이어트영어,5
2026-03-02,다이어트,클렌즈다이어트,6
2026-03-02,다이어트,다이어트방법,7
2026-03-02,다이어트,단기간다이어트,8
2026-03-02,운동,운동화,1
2026-03-02,운동,운동 많이 된다 밈,2
2026-03-02,운동,운동,3
2026-03-02,운동,뉴발란스 운동화,4
2026-03-02,운동,운동 많이 된다,5
2026-03-02,운동,운동복,6
2026-03-02,운동,아디다스 운동화,7
2026-03-02,운동,나이키 운동화,8
2026-03-02,운동,르무통 운동화,9
2026-03-02,운동,호카 운동화,10
2026-03-02,영양제,영양제 추천,1
2026-03-02,영양제,영양제 먹는 시간,2
2026-03-02,영양제,영양제,3
2026-03-02,영양제,영양제 먹는 순서,4
2026-03-02,영양제,영양제 구독,5
2026-03-02,영양제,영양제 수액,6
2026-03-02,영양제,뇌영양제,7
2026-03-02,영양제,간 영양제,8
2026-03-02,영양제,눈 영양제,9
2026-03-02,영양제,아연 영양제,10
2026-03-02,수면,수면유도제,1
2026-03-02,수면,수면안대,2
2026-03-02,수면,수면영양제,3
2026-03-02,수면,수면제,4
2026-03-02,수면,수면 계산기,5
2026-03-02,수면,수면잠옷,6
2026-03-02,수면,수면양말,7
2026-03-02,수면,수면 귀마개,8
2026-03-02,수면,수면밀도,9
2026-03-02,수면,수면,10
2026-03-02,스트레스,스트레스볼,1
2026-03-02,스트레스,스트레스 받을거야,2
2026-03-02,스트레스,스트레스 해소법,3
2026-03-02,스트레스,스트레스 지수 테스트,4
2026-03-02,스트레스,스트레스,5
2026-03-02,스트레스,스트레스 dsr 3단계,6
2026-03-02,스트레스,스트레스 증상,7
2026-03-02,스트레스,스트레스리스,8
2026-03-02,스트레스,스트레스성 위염,9
2026-03-02,스트레스,스트레스 영양제,10
2026-03-02,금연,금연 후 신체변화,1
2026-03-02,금연,금연클리닉,2
2026-03-02,금연,금연 전자담배,3
2026-03-02,금연,금연보조제,4
2026-03-02,금연,금연 파이프,5
2026-03-02,금연,금연하는법,6
2026-03-02,금연,금연 금단현상,7
2026-03-02,금연,금연,8
2026-03-02,금연,금연초,9
2026-03-02,금연,금연 사탕,10
2026-03-02,금주,금주 뜻,1
2026-03-02,금주,금주 효과,2
2026-03-02,금주,금주 금단현상,3
2026-03-02,금주,금 주식,4
2026-03-02,금주,금주 방법,5
2026-03-02,금주,금주,6
2026-03-02,금주,금죽헌,7
2026-03-02,금주,금줄,8
2026-03-02,금주,금준당,9
2026-03-02,금주,금줍는꿈,10
2026-03-02,식단,다이어트 식단,1
2026-03-02,식단,일주일 식단표,2
2026-03-02,식단,식단,3
2026-03-02,식단,식단표,4
2026-03-02,식단,식단 도시락,5
2026-03-02,식단,윤식단,6
2026-03-02,식단,건강식단,7
2026-03-02,식단,당뇨식단,8
2026-03-02,식단,벌크업 식단,9
2026-03-02,식단,임당 식단,10
2026-03-02,체중감량,체중감량,1
2026-03-02,체중감량,체중감량 식단,2
2026-03-02,체중감량,체중 감량 운동,3
2026-03-02,체중감량,임신 중 체중 감량,4
2026-03-02,체중감량,체중 감량 방법,5
2026-03-02,체중감량,체중 감량 운동 루틴,6
2026-03-02,체중감량,체중감량주사,7
2026-03-02,체중감량,체중감량 영어로,8
2026-03-02,체중감량,체중 감량 약물,9
2026-03-02,체중감량,체중 감량 계산기,10
2026-03-02,면역력,면역력 높이는 방법,1
2026-03-02,면역력,면역력 영양제,2
2026-03-02,면역력,면역력 높이는 음식,3
2026-03-02,면역력,면역력 저하 증상,4
2026-03-02,면역력,면역력,5
2026-03-02,면역력,면역력 수액,6
2026-03-02,면역력,면역력주사,7
2026-03-02,면역력,면역력 검사,8
2026-03-02,면역력,면연력 면역력,9
2026-03-02,면역력,면역력 강화,10
2026-03-02,단백질,단백질쉐이크,1
2026-03-02,단백질,단백질 많은 음식,2
2026-03-02,단백질,단백질보충제,3
2026-03-02,단백질,단백질 음료,4
2026-03-02,단백질,단백질 섭취량,5
2026-03-02,단백질,단백질 음식,6
2026-03-02,단백질,단백질바,7
2026-03-02,단백질,단백질,8
2026-03-02,단백질,단백질 간식,9
2026-03-02,단백질,단백질 식단,10
2026-03-02,비타민,비타민,1
2026-03-02,비타민,비타민프로그램,2
2026-03-02,비타민,비타민젤리,3
2026-03-02,비타민,어린이비타민,4
2026-03-02,비타민,종합비타민,5
2026-03-02,비타민,비타민야채,6
2026-03-02,비타민,채소비타민,7
2026-03-02,비타민,비타민A,8
2026-03-02,유산균,유산균,1
2026-03-02,유산균,프로바이오틱스유산균,2
2026-03-02,유산균,유산균분양,3
2026-03-02,유산균,유산균다이어트,4
2026-03-02,유산균,유산균요구르트,5
2026-03-02,유산균,신생아유산균,6
2026-03-02,유산균,홈쇼핑유산균,7
2026-03-02,유산균,유산균추천,8
2026-03-02,오메가3,오메가3,1
2026-03-02,오메가3,오메가3비타민D,2
2026-03-02,오메가3,호주오메가3,3
2026-03-02,오메가3,뉴질랜드오메가3,4
2026-03-02,오메가3,약국오메가3,5
2026-03-02,오메가3,오메가3추천,6
2026-03-02,오메가3,오메가3임산부,7
2026-03-02,오메가3,오메가3콜레스테롤,8
2026-03-02,콜라겐,콜라겐,1
2026-03-02,콜라겐,콜라겐효능,2
2026-03-02,콜라겐,바르는콜라겐,3
2026-03-02,콜라겐,콜라겐성분,4
2026-03-02,콜라겐,족발콜라겐,5
2026-03-02,콜라겐,콜라겐음식,6
2026-03-02,콜라겐,일본콜라겐,7
2026-03-02,콜라겐,콜라겐약,8
2026-03-02,항산화,항산화 뜻,1
2026-03-02,항산화,항산화 영양제,2
2026-03-02,항산화,항산화 음식,3
2026-03-02,항산화,항산화,4
2026-03-02,항산화,항산화제,5
2026-03-02,항산화,항산화 효과,6
2026-03-02,항산화,강아지 항산화제,7
2026-03-02,항산화,항산화지수,8
2026-03-02,항산화,항산화식품,9
2026-03-02,항산화,항산화작용,10
2026-03-02,해독,해독주스,1
2026-03-02,해독,해독주스만들기,2
2026-03-02,해독,해독주스 레시피,3
2026-03-02,해독,해독 뜻,4
2026-03-02,해독,간해독,5
2026-03-02,해독,해독다이어트,6
2026-03-02,해독,해독,7
2026-03-02,해독,구풍해독탕,8
2026-03-02,해독,해독제,9
2026-03-02,해독,코로나 백신 해독,10
2026-03-02,절식,절식 뜻,1
2026-03-02,절식,절식,2
2026-03-02,절식,절식 다이어트,3
2026-03-02,절식,절 식사,4
2026-03-02,절식,절식 단식,5
2026-03-02,절식,절식 칼로리,6
2026-03-02,절식,절식 기준,7
2026-03-02,절식,절식 다이어트 후,8
2026-03-02,절식,절식 효과,9
2026-03-02,절식,절식 단식 뜻,10
2026-03-02,간헐적단식,간헐적 단식,1
2026-03-02,간헐적단식,간헐적단식 시간,2
2026-03-02,간헐적단식,간헐적 단식 16:8,3
2026-03-02,간헐적단식,간헐적 단식 효과,4
2026-03-02,간헐적단식,간헐적 단식 물,5
2026-03-02,간헐적단식,간헐적단식 커피,6
2026-03-02,간헐적단식,간헐적 단식 방법,7
2026-03-02,간헐적단식,간헐적 단식 뜻,8
2026-03-02,간헐적단식,간헐적 단식 식단,9
2026-03-02,간헐적단식,간헐적단식 어플,10
2026-03-02,저탄고지,저탄고지 식단,1
2026-03-02,저탄고지,저탄고지 뜻,2
2026-03-02,저탄고지,저탄고지,3
2026-03-02,저탄고지,저탄고지 다이어트,4
2026-03-02,저탄고지,저탄고지 도시락,5
2026-03-02,저탄고지,저탄고지 식단표,6
2026-03-02,저탄고지,저탄고지 부작용,7
2026-03-02,저탄고지,저탄고지 버터,8
2026-03-02,저탄고지,저탄고지 간식,9
2026-03-02,저탄고지,저탄고지 음식,10
2026-03-02,백신,코로나 백신,1
2026-03-02,백신,백신 부작용,2
2026-03-02,백신,백신,3
2026-03-02,백신,백신 이물질,4
2026-03-02,백신,백신 곰팡이,5
2026-03-02,백신,백신고,6
2026-03-02,백신,코로나 백신 종류,7
2026-03-02,백신,정은경 백신,8
2026-03-02,백신,백신중학교,9
2026-03-02,백신,상생페이백 신청,10
2026-03-02,검진,건강검진,1
2026-03-02,검진,국가건강검진,2
2026-03-02,검진,영유아검진시기,3
2026-03-02,검진,영유아검진,4
2026-03-02,검진,종합건강검진,5
2026-03-02,검진,검진,6
2026-03-02,검진,영유아 건강검진,7
2026-03-02,검진,채용검진,8
2026-03-02,검진,kmi 건강검진,9
2026-03-02,검진,국민건강검진,10
2026-03-02,수술,수술 흉터연고,1
2026-03-02,수술,담낭제거수술,2
2026-03-02,수술,양악수술,3
2026-03-02,수술,수수료,4
2026-03-02,수술,가슴수술,5
2026-03-02,수술,윤곽수술,6
2026-03-02,수술,치질수술,7
2026-03-02,수술,중개수수료,8
2026-03-02,수술,주식수수료,9
2026-03-02,수술,백내장수술,10
2026-03-02,약물,모텔 약물 살인,1
2026-03-02,약물,약물 살인,2
2026-03-02,약물,약물살인 인스타,3
2026-03-02,약물,20대 약물 살인,4
2026-03-02,약물,약물연쇄살인,5
2026-03-02,약물,약물,6
2026-03-02,약물,포르쉐 약물,7
2026-03-02,약물,약물검색,8
2026-03-02,약물,약물 과다복용,9
2026-03-02,약물,약물 포르쉐,10
2026-03-02,한의원,한의원,1
2026-03-02,한의원,상인동한의원,2
2026-03-02,한의원,허리한의원,3
2026-03-02,한의원,유명한의원,4
2026-03-02,한의원,한의원토요일,5
2026-03-02,한의원,한의원영어,6
2026-03-02,한의원,한의원일요일,7
2026-03-02,한의원,한의원진료,8
2026-03-02,재활,재활의학과,1
2026-03-02,재활,재활병원,2
2026-03-02,재활,재활용분리수거,3
2026-03-02,재활,재활치료,4
2026-03-02,재활,재활pt,5
2026-03-02,재활,재활용,6
2026-03-02,재활,재활,7
2026-03-02,재활,언어재활사,8
2026-03-02,재활,방문재활,9
2026-03-02,재활,국립재활원,10
2026-03-02,응급,응급실,1
2026-03-02,응급,응급실 떡볶이,2
2026-03-02,응급,응급의료포털,3
2026-03-02,응급,응급구조사,4
2026-03-02,응급,응급구조학과,5
2026-03-02,응급,응급실 가사,6
2026-03-02,응급,응급외상센터,7
2026-03-02,응급,응급실 노래,8
2026-03-02,응급,화상 응급처치,9
2026-03-02,응급,위경련 응급처치,10
2026-03-02,처방,사랑을 처방해,1
2026-03-02,처방,마운자로 처방,2
2026-03-02,처방,처방전 조회,3
2026-03-02,처방,수면제 처방,4
2026-03-02,처방,위고비 처방,5
2026-03-02,처방,탈모약 처방,6
2026-03-02,처방,처방전,7
2026-03-02,처방,비아그라 처방,8
2026-03-02,처방,운동처방사,9
2026-03-02,처방,사후피임약 처방,10
2026-03-02,항생제,항생제 부작용,1
2026-03-02,항생제,항생제,2
2026-03-02,항생제,항생제 술,3
2026-03-02,항생제,항생제 설사,4
2026-03-02,항생제,항생제 복용기간,5
2026-03-02,항생제,항생제 뜻,6
2026-03-02,항생제,항생제 종류,7
2026-03-02,항생제,항생제 내성,8
2026-03-02,항생제,항생제 연고,9
2026-03-02,항생제,약국 항생제,10
2026-03-02,진통제,진통제 종류,1
2026-03-02,진통제,소염진통제,2
2026-03-02,진통제,진통제,3
2026-03-02,진통제,진통제 부작용,4
2026-03-02,진통제,이브 진통제,5
2026-03-02,진통제,진통제 시간,6
2026-03-02,진통제,치통 진통제,7
2026-03-02,진통제,진통제 과다복용,8
2026-03-02,진통제,eve 진통제,9
2026-03-02,진통제,진통제 술,10
2026-03-02,내시경,위내시경 비용,1
2026-03-02,내시경,대장내시경 전 음식,2
2026-03-02,내시경,위내시경 금식시간,3
2026-03-02,내시경,위내시경,4
2026-03-02,내시경,대장내시경,5
2026-03-02,내시경,내시경,6
2026-03-02,내시경,위내시경 후 식사,7
2026-03-02,내시경,내시경 카메라,8
2026-03-02,내시경,대장내시경 약,9
2026-03-02,내시경,대장내시경비용,10
2026-03-02,혈액검사,혈액검사,1
2026-03-02,혈액검사,혈액검사 금식,2
2026-03-02,혈액검사,혈액검사 비용,3
2026-03-02,혈액검사,혈액검사 종류,4
2026-03-02,혈액검사,임신 혈액검사,5
2026-03-02,혈액검사,혈액검사 결과,6
2026-03-02,혈액검사,보건소 혈액검사,7
2026-03-02,혈액검사,혈액검사 염증수치,8
2026-03-02,혈액검사,내과 혈액검사,9
2026-03-02,혈액검사,혈액검사 물,10
2026-03-02,MRI,mri 가격,1
2026-03-02,MRI,mri,2
2026-03-02,MRI,mri 보험적용,3
2026-03-02,MRI,mri 검사,4
2026-03-02,MRI,mri 실비,5
2026-03-02,MRI,mri 시간,6
2026-03-02,MRI,mri 비용,7
2026-03-02,MRI,뇌 mri,8
2026-03-02,MRI,MRI 조영제,9
2026-03-02,MRI,췌장 mri,10
2026-03-02,CT,ct 비용,1
2026-03-02,CT,ct촬영,2
2026-03-02,CT,CT MRI 차이,3
2026-03-02,CT,ct 조영제,4
2026-03-02,CT,c to hdmi,5
2026-03-02,CT,Ct 금식,6
2026-03-02,CT,ctx,7
2026-03-02,CT,복부ct,8
2026-03-02,CT,c to c 케이블,9
2026-03-02,CT,ct 방사선,10
2026-03-02,주사,주사피부염,1
2026-03-02,주사,주사위게임,2
2026-03-02,주사,주사이모,3
2026-03-02,주사,주사 뜻,4
2026-03-02,주사,주사,5
2026-03-02,주사,주상절리,6
2026-03-02,주사,주산,7
2026-03-02,주사,주상욱,8
2026-03-02,주사,윤곽주사,9
2026-03-02,주사,백일해 주사,10
2026-03-02,생리통,생리통 심할때,1
2026-03-02,생리통,생리통 약,2
2026-03-02,생리통,생리통 완화 음식,3
2026-03-02,생리통,생리통 완화 자세,4
2026-03-02,생리통,생리통,5
2026-03-02,생리통,생리통 심한 이유,6
2026-03-02,생리통,생리통 기계,7
2026-03-02,생리통,생리통 증상,8
2026-03-02,생리통,생리통 타이레놀,9
2026-03-02,생리통,생리통 완화,10
2026-03-02,생리불순,생리불순,1
2026-03-02,생리불순,생리불순 원인,2
2026-03-02,생리불순,생리불순 영양제,3
2026-03-02,생리불순,생리불순 산부인과,4
2026-03-02,생리불순,마운자로 생리불순,5
2026-03-02,생리불순,생리불순 약,6
2026-03-02,생리불순,생리불순 검사,7
2026-03-02,생리불순,생리불순 피임약,8
2026-03-02,생리불순,청소년 생리불순,9
2026-03-02,생리불순,비만 생리불순,10
2026-03-02,갱년기,갱년기증상,1
2026-03-02,갱년기,갱년기 영양제,2
2026-03-02,갱년기,갱년기 나이,3
2026-03-02,갱년기,갱년기,4
2026-03-02,갱년기,갱년기 테스트기,5
2026-03-02,갱년기,갱년기 호르몬치료,6
2026-03-02,갱년기,갱년기 열감,7
2026-03-02,갱년기,갱년기 기간,8
2026-03-02,갱년기,갱년기 뜻,9
2026-03-02,갱년기,갱년기 약,10
2026-03-02,임신,임신 극초기증상,1
2026-03-02,임신,임신 초기증상,2
2026-03-02,임신,임신 기간,3
2026-03-02,임신,임신하는 꿈,4
2026-03-02,임신,임신 주차 계산,5
2026-03-02,임신,임신 확률,6
2026-03-02,임신,임신 가능성,7
2026-03-02,임신,임신테스트기,8
2026-03-02,임신,임신,9
2026-03-02,임신,자궁외임신 증상,10
2026-03-02,산후조리,산후조리원 지원금,1
2026-03-02,산후조리,산후조리원,2
2026-03-02,산후조리,산후조리원 비용,3
2026-03-02,산후조리,산후조리원 드라마,4
2026-03-02,산후조리,산후조리사,5
2026-03-02,산후조리,산후조리원 연말정산,6
2026-03-02,산후조리,산후조리,7
2026-03-02,산후조리,공공산후조리원,8
2026-03-02,산후조리,산후조리 친정엄마,9
2026-03-02,산후조리,트리니티 산후조리원,10
2026-03-02,자궁근종,자궁근종,1
2026-03-02,자궁근종,자궁근종크기,2
2026-03-02,자궁근종,자궁근종수술,3
2026-03-02,자궁근종,자궁근종치료,4
2026-03-02,자궁근종,폐경기자궁근종,5
2026-03-02,자궁근종,임신중자궁근종,6
2026-03-02,난임,난임 뜻,1
2026-03-02,난임,난임,2
2026-03-02,난임,난임병원,3
2026-03-02,난임,난임지원,4
2026-03-02,난임,난임휴직,5
2026-03-02,난임,난임검사,6
2026-03-02,난임,난임 기준,7
2026-03-02,난임,난임휴가,8
2026-03-02,난임,난임보험,9
2026-03-02,난임,경주 한의원 난임,10
2026-03-02,유산,유산균,1
2026-03-02,유산,유산균추천,2
2026-03-02,유산,유산 증상,3
2026-03-02,유산,유산 뜻,4
2026-03-02,유산,유사나,5
2026-03-02,유산,계류유산,6
2026-03-02,유산,유산 후 몸조리,7
2026-03-02,유산,유산 방법,8
2026-03-02,유산,질유산균,9
2026-03-02,유산,국가유산청,10
2026-03-02,모유수유,모유수유,1
2026-03-02,모유수유,모유수유아기변비,2
2026-03-02,모유수유,모유수유상담,3
2026-03-02,모유수유,모유수유기간,4
2026-03-02,모유수유,대한모유수유,5
2026-03-02,모유수유,모유수유좋은음식,6
2026-03-02,모유수유,함몰유두모유수유,7
2026-03-02,모유수유,가슴성형모유수유,8
2026-03-02,피임,피임약,1
2026-03-02,피임,피임약 복용법,2
2026-03-02,피임,사후피임약,3
2026-03-02,피임,피임시술,4
2026-03-02,피임,경구피임약,5
2026-03-02,피임,피임 루프,6
2026-03-02,피임,피임약 부작용,7
2026-03-02,피임,피임 뜻,8
2026-03-02,피임,사후피임약 시간,9
2026-03-02,피임,사후피임약 약국,10
2026-03-02,전립선,전립선비대증,1
2026-03-02,전립선,전립선,2
2026-03-02,전립선,전립선암,3
2026-03-02,전립선,전립선 영양제,4
2026-03-02,전립선,전립선염 증상,5
2026-03-02,전립선,전립선에 좋은 음식,6
2026-03-02,전립선,전립선염,7
2026-03-02,전립선,전립선약,8
2026-03-02,전립선,전립선 유산균,9
2026-03-02,전립선,전립선 통증,10
2026-03-02,발기부전,발기부전,1
2026-03-02,발기부전,10대발기부전,2
2026-03-02,발기부전,발기부전이란,3
2026-03-02,발기부전,발기부전치료,4
2026-03-02,발기부전,발기부전제,5
2026-03-02,발기부전,발기부전원인,6
2026-03-02,발기부전,담배발기부전,7
2026-03-02,발기부전,고혈압발기부전,8
2026-03-02,남성갱년기,남성갱년기,1
2026-03-02,남성갱년기,남성갱년기증상,2
2026-03-02,남성갱년기,남성 갱년기 영양제,3
2026-03-02,남성갱년기,남성 갱년기 병원,4
2026-03-02,남성갱년기,남성 갱년기 약,5
2026-03-02,남성갱년기,남성 갱년기 시기,6
2026-03-02,남성갱년기,남성 갱년기 테스트,7
2026-03-02,남성갱년기,남성 갱년기 테스트기,8
2026-03-02,남성갱년기,남성 갱년기 치료법,9
2026-03-02,남성갱년기,남성 갱년기 증상 열감,10
2026-03-02,번아웃,번아웃뜻,1
2026-03-02,번아웃,번아웃,2
2026-03-02,번아웃,번아웃 증상,3
2026-03-02,번아웃,번아웃 극복,4
2026-03-02,번아웃,번아웃 테스트,5
2026-03-02,번아웃,번아웃 증후군,6
2026-03-02,번아웃,번아웃 짤,7
2026-03-02,번아웃,육아 번아웃,8
2026-03-02,번아웃,번아웃신드롬,9
2026-03-02,번아웃,번아웃커피,10
2026-03-02,공황,공황장애 증상,1
2026-03-02,공황,공황장애,2
2026-03-02,공황,공황장애 원인,3
2026-03-02,공황,공황 증상,4
2026-03-02,공황,공황장애 약,5
2026-03-02,공황,공황 뜻,6
2026-03-02,공황,공황,7
2026-03-02,공황,공황발작,8
2026-03-02,공황,공황장애치료,9
2026-03-02,공황,공황 약,10
2026-03-02,트라우마,트라우마,1
2026-03-02,트라우마,트라우마 뜻,2
2026-03-02,트라우마,트라우마 침낭,3
2026-03-02,트라우마,트라우마 극복,4
2026-03-02,트라우마,국가트라우마센터,5
2026-03-02,트라우마,알파트라우마,6
2026-03-02,트라우마,트라우마 증상,7
2026-03-02,트라우마,트라우마 치료,8
2026-03-02,트라우마,트라우마 본드,9
2026-03-02,트라우마,트라우마 영어로,10
2026-03-02,강박증,강박증,1
2026-03-02,강박증,강박증 뜻,2
2026-03-02,강박증,강박증 치료,3
2026-03-02,강박증,강박증 증상,4
2026-03-02,강박증,강박증 테스트,5
2026-03-02,강박증,저장강박증,6
2026-03-02,강박증,확인강박증,7
2026-03-02,강박증,강박증 약,8
2026-03-02,강박증,강박증 갤러리,9
2026-03-02,강박증,외모강박증,10
2026-03-02,조현병,조현병,1
2026-03-02,조현병,조현병 증상,2
2026-03-02,조현병,조현병 뜻,3
2026-03-02,조현병,조현병 초기증상,4
2026-03-02,조현병,조현병 완치,5
2026-03-02,조현병,조현병 원인,6
2026-03-02,조현병,조현병 장애등급,7
2026-03-02,조현병,조현병 블로그,8
2026-03-02,조현병,조현병 유전,9
2026-03-02,조현병,조현병 치료,10
2026-03-02,ADHD,ADHD,1
2026-03-02,ADHD,성인ADHD,2
2026-03-02,ADHD,초등ADHD,3
2026-03-02,ADHD,ADHD테스트,4
2026-03-02,ADHD,기안ADHD,5
2026-03-02,ADHD,ADHD치료,6
2026-03-02,ADHD,ADHD약물부작용,7
2026-03-02,ADHD,ADHD증상,8
2026-03-02,자존감,자존감 뜻,1
2026-03-02,자존감,자존감 높이는 방법,2
2026-03-02,자존감,자존감,3
2026-03-02,자존감,자존감 높이는 책,4
2026-03-02,자존감,자존감 테스트,5
2026-03-02,자존감,자존감 글귀,6
2026-03-02,자존감,자존감수업,7
2026-03-02,자존감,자존감 책,8
2026-03-02,자존감,자존감 영어로,9
2026-03-02,자존감,자존감 자존심,10
2026-03-02,외로움,외로움,1
2026-03-02,외로움,외로움 극복,2
2026-03-02,외로움,외로움 뜻,3
2026-03-02,외로움,비와 외로움,4
2026-03-02,외로움,외로움 짤,5
2026-03-02,외로움,외로움증폭장치,6
2026-03-02,외로움,외로움이라는건,7
2026-03-02,외로움,자취 외로움,8
2026-03-02,외로움,고양이 외로움,9
2026-03-02,외로움,외로움 반대말,10
2026-03-02,분노조절,분노조절장애,1
2026-03-02,분노조절,분노조절장애 증상,2
2026-03-02,분노조절,분노조절장애 테스트,3
2026-03-02,분노조절,분노조절장애 치료,4
2026-03-02,분노조절,분노조절,5
2026-03-02,분노조절,분노조절 약,6
2026-03-02,분노조절,분노조절장애 남편,7
2026-03-02,분노조절,분노조절장애 원인,8
2026-03-02,분노조절,분노조절장애 병원,9
2026-03-02,분노조절,분노조절 책,10
2026-03-02,중독,중독 영어로,1
2026-03-02,중독,카페인중독,2
2026-03-02,중독,중독,3
2026-03-02,중독,만남어플중독,4
2026-03-02,중독,중독된 사랑,5
2026-03-02,중독,인간중독,6
2026-03-02,중독,고민중독,7
2026-03-02,중독,임신중독증 증상,8
2026-03-02,중독,알콜중독,9
2026-03-02,중독,중도금대출,10
2026-03-02,낙상,낙상공원,1
2026-03-02,낙상,낙상 뜻,2
2026-03-02,낙상,낙상사고,3
2026-03-02,낙상,낙상,4
2026-03-02,낙상,낙상홍,5
2026-03-02,낙상,아기 낙상사고,6
2026-03-02,낙상,아기 낙상,7
2026-03-02,낙상,신생아 낙상,8
2026-03-02,낙상,낙상방지가드,9
2026-03-02,낙상,낙상방지매트,10
2026-03-02,요양,요양보호사,1
2026-03-02,요양,요양보호사시험,2
2026-03-02,요양,요양병원,3
2026-03-02,요양,요양원,4
2026-03-02,요양,요양보호사 월급,5
2026-03-02,요양,요양보호사학원,6
2026-03-02,요양,요양병원비용,7
2026-03-02,요양,요양 뜻,8
2026-03-02,요양,요양등급,9
2026-03-02,요양,요양나라,10
2026-03-02,노인성질환,노인성질환,1
2026-03-02,노인성질환,노인성질환 종류,2
2026-03-02,노인성질환,노인성질환 요양등급,3
2026-03-02,노인성질환,노인성 질환의 종류,4
2026-03-02,노인성질환,노인성질환이란,5
2026-03-02,노인성질환,노인성 질환 뜻,6
2026-03-02,노인성질환,노인성질환 보험,7
2026-03-02,노인성질환,노인성질환 병원,8
2026-03-02,노인성질환,노인성질환 파킨슨,9
2026-03-02,노인성질환,노인성질환 전문병원,10
2026-03-02,건강수명,건강수명,1
2026-03-02,건강수명,건강수명 평균수명,2
2026-03-02,건강수명,건강수명 기대수명,3
2026-03-02,건강수명,건강수명 의미,4
2026-03-02,건강수명,건강수명 70세,5
2026-03-02,건강수명,건강수명 격차,6
2026-03-02,건강수명,한국인 건강수명,7
2026-03-02,건강수명,건강수명 계산법,8
2026-03-02,건강수명,건강수명 연장,9
2026-03-02,건강수명,건강수명 감소,10
